event_id,event_date,lat,lon,country,locality,basis,scientific_name,source_record_count,source_record_ids,dataset_names,references,has_media
OF0001,1980-02-07,-35.175,152.575,Australia,,HUMAN_OBSERVATION,Regalecidae,1,3908451072,,,0
OF0002,1980-05-16,-38.23333,151.16667,Australia,,HUMAN_OBSERVATION,Regalecidae,1,3908526509,,,0
OF0003,1981-01-01,-40.1167,173.4167,New Zealand,,HUMAN_OBSERVATION,"Agrostichthys parkeri (Benham, 1904)",1,1427314194,MBIS research trawl surveys,,0
OF0004,1981-02-14,54.501667,-0.666667,United Kingdom of Great Britain and Northern Ireland,,MATERIAL_SAMPLE,"Regalecus glesne Ascanius, 1772",1,4116942376,1743-2010 National Marine Aquarium (NMA) United Kingdom Marine Fish Recording Scheme,,0
OF0005,1981-03-19,-34.3,151.43333,Australia,NE. of Wollongong,PRESERVED_SPECIMEN,"Regalecus glesne Ascanius, 1772",1,1100594935,,,1
OF0006,1982-02-05,39.9861,-63.0011,,unspecified,PRESERVED_SPECIMEN,"Regalecus glesne Ascanius, 1772",1,864339317,,,0
OF0007,1982-02-25,33.25,-76.433296,United States of America,"At. Oc. 33° 15' N, 76° 26' W Begin, 33° 24' N, 76° 26' W End",PRESERVED_SPECIMEN,"Regalecus glesne Ascanius, 1772",1,2423946415,NCSM Ichthyology Collection,,0
OF0008,1982-08-10,,,Japan,,PRESERVED_SPECIMEN,"Regalecus russelii (Cuvier, 1816)",1,4521418382,,,0
OF0009,1982-08-15,36.86,-73.895,United States of America,Center to edge of warm-core Gulf Stream ring 82B; 615-635 m,PRESERVED_SPECIMEN,"Regalecus glesne Ascanius, 1772",1,863135862,,http://mczbase.mcz.harvard.edu/guid/MCZ:Ich:63037,0
OF0010,1982-11-01,,,Australia,southeastern Tasmania,PRESERVED_SPECIMEN,"Agrostichthys parkeri (Benham, 1904)",2,1066022916;5008931975,,,0
OF0011,1983-02-18,-41.175,168.9933,New Zealand,,HUMAN_OBSERVATION,"Agrostichthys parkeri (Benham, 1904)",1,1427018066,MBIS research trawl surveys,,0
OF0012,1983-02-24,-38.4983,170.9783,New Zealand,,HUMAN_OBSERVATION,"Regalecus glesne Ascanius, 1772",1,1427018473,MBIS research trawl surveys,,0
OF0013,1983-08-24,-18.75,115.75,Australia,NE of Monte Bello Island,PRESERVED_SPECIMEN,Regalecidae,2,1453567539;5009026230,,,0
OF0014,1983-10-20,-51.4667,167.595,New Zealand,,HUMAN_OBSERVATION,"Regalecus glesne Ascanius, 1772",1,1427139657,MBIS research trawl surveys,,0
OF0015,1983-10-20,,,New Zealand,New Zealand,PRESERVED_SPECIMEN,"Regalecus Ascanius, 1772",1,43987977,,https://db.kahaku.go.jp/webmuseum_en/detail?cls=col_a1_05&pkey=NSMT-P%2C43132%2C,0
OF0016,1983-11-06,-53.4283,171.2383,New Zealand,,HUMAN_OBSERVATION,"Regalecus glesne Ascanius, 1772",1,1427138231,MBIS research trawl surveys,,0
OF0017,1983-11-06,,,New Zealand,,PRESERVED_SPECIMEN,"Regalecus glesne Ascanius, 1772",1,43987974,,https://db.kahaku.go.jp/webmuseum_en/detail?cls=col_a1_05&pkey=NSMT-P%2C43039%2C,0
OF0018,1984-02-04,-12.76,-2.8,,B. 384,HUMAN_OBSERVATION,"Regalecus glesne Ascanius, 1772",1,4146331270,,,0
OF0019,1984-11-01,43.4833,-57.55,Canada,unspecified,PRESERVED_SPECIMEN,"Regalecus glesne Ascanius, 1772",1,864340959,,,0
OF0020,1985-02-09,-50.7233,167.065,New Zealand,,HUMAN_OBSERVATION,"Regalecus glesne Ascanius, 1772",1,1994794657,MBIS Soviet Trawl Data data in New Zealand 1964-87,,0
OF0021,1985-02-19,-42.7,148.416667,Australia,E of Maria Island,PRESERVED_SPECIMEN,"Regalecus glesne Ascanius, 1772",2,5132924314;5133088379,,,0
OF0022,1985-04-02,-49.58,171.4592,New Zealand,,HUMAN_OBSERVATION,"Regalecus glesne Ascanius, 1772",1,1994795306,MBIS Soviet Trawl Data data in New Zealand 1964-87,,0
OF0023,1985-06-16,24.35,-110.316667,Mexico,"Playa El Tecolote, Bahía de La Paz, B.C.S.",PRESERVED_SPECIMEN,"Regalecus russelii (Cuvier, 1816)",3,864380139;1418843976;1418843990,Registros ictiofaunísticos de localidades selectas de 10 regiones marinas prioritarias del Pacífico Mexicano,http://www.snib.mx/snibgeoportal/Ejemplar.php?id=9902d1b0d7b4d62ef6b1e941ee460edf;http://www.snib.mx/snibgeoportal/Ejemplar.php?id=b3c5bcda16ac3a4e49edf1688e3f223f,0
OF0024,1986-01-24,32.500333,-121.000333,United States of America,"USA | California | No Pacific Ocean | S of San Juan Seamount,""1830 Bank""",PRESERVED_SPECIMEN,"Regalecus russelii (Cuvier, 1816)",1,1423535962,,http://portal.vertnet.org/o/sio/marine-vertebrates?id=93a52e06-7e78-4fec-aac2-564bf1399f40,0
OF0025,1986-05-21,68.55,17.5,Norway,Bjerkvik,PRESERVED_SPECIMEN,"Regalecus glesne Ascanius, 1772",1,4417460365,Fish Collection at UiT (Tromsø),,0
OF0026,1986-09-21,34.459167,-120.026389,United States of America,North America; United States; California; Santa Barbara County; ; ; ;,PRESERVED_SPECIMEN,"Regalecus glesne Ascanius, 1772",1,735662391,,,0
OF0027,1987-08-18,-42.615,173.66,New Zealand,,HUMAN_OBSERVATION,"Regalecus glesne Ascanius, 1772",1,1427034240,MBIS research trawl surveys,,0
OF0028,1988-05-28,24.163889,-110.325,Mexico,"Frente al Hotel Ramada, Ensenada de La Paz, Baja California Sur",PRESERVED_SPECIMEN,"Regalecus russelii (Cuvier, 1816)",1,1418843975,Registros ictiofaunísticos de localidades selectas de 10 regiones marinas prioritarias del Pacífico Mexicano,http://www.snib.mx/snibgeoportal/Ejemplar.php?id=b3e975363895c05fa995d11c58468b9f,0
OF0029,1988-09-15,-42.755,178.1083,New Zealand,,HUMAN_OBSERVATION,"Regalecus glesne Ascanius, 1772",1,1426976817,MBIS research trawl surveys,,0
OF0030,1988-09-20,-43.1817,-174.4383,New Zealand,,HUMAN_OBSERVATION,"Agrostichthys parkeri (Benham, 1904)",1,1426977693,MBIS research trawl surveys,,0
OF0031,1988-09-28,-44.3183,177.5033,New Zealand,,HUMAN_OBSERVATION,"Regalecus glesne Ascanius, 1772",1,1426975838,MBIS research trawl surveys,,0
OF0032,1989-04-14,41.349998,-59.0,Canada,slope water,PRESERVED_SPECIMEN,"Regalecus glesne Ascanius, 1772",1,1675592360,Atlantic Reference Centre,,0
OF0033,1989-05-02,24.209444,-110.505556,Mexico,"Playa El Quelele, Bahia de La Paz, Baja California Sur",PRESERVED_SPECIMEN,"Regalecus russelii (Cuvier, 1816)",1,1418838117,Registros ictiofaunísticos de localidades selectas de 10 regiones marinas prioritarias del Pacífico Mexicano,http://www.snib.mx/snibgeoportal/Ejemplar.php?id=b16a3d3188c257f499d26a398a9c6eac,0
OF0034,1989-06-10,42.5,-61.5,Canada,Atlantic Ocean,PRESERVED_SPECIMEN,"Regalecus glesne Ascanius, 1772",1,1675699918,Atlantic Reference Centre,,0
OF0035,1989-07-04,-42.3217,174.0033,New Zealand,,HUMAN_OBSERVATION,"Regalecus glesne Ascanius, 1772",1,1427040139,MBIS research trawl surveys,,0
OF0036,1989-07-30,-43.365,169.245,New Zealand,,HUMAN_OBSERVATION,"Regalecus glesne Ascanius, 1772",1,1427040263,MBIS research trawl surveys,,0
OF0037,1989-10-16,-33.033333,27.9,South Africa,"East London beach, washed up",PRESERVED_SPECIMEN,"Regalecus glesne Ascanius, 1772",1,1230363538,,,0
OF0038,1990-01-28,-34.1167,18.3167,South Africa,Off Kommetjie beach,PRESERVED_SPECIMEN,"Regalecus glesne Ascanius, 1772",1,2424192387,,,0
OF0039,1990-02-07,-17.933333,118.233333,Australia,N of Port Hedland,PRESERVED_SPECIMEN,"Regalecus russelii (Cuvier, 1816)",2,1066008501;5009132447,,,0
OF0040,1990-03-23,,,Denmark,"Denmark, 3 km S. of Vesterø, Læsø",PRESERVED_SPECIMEN,"Regalecus glesne Ascanius, 1772",1,43456756,Natural History Museum Denmark|Ichthyology,,0
OF0041,1990-06-27,-34.8,20.05,South Africa,"Stranded - Struisbaai , Overberg",PRESERVED_SPECIMEN,"Regalecus glesne Ascanius, 1772",1,2424176413,,,0
OF0042,1990-07-08,-42.7653,-177.3003,New Zealand,,HUMAN_OBSERVATION,"Agrostichthys parkeri (Benham, 1904)",1,1426985511,MBIS research trawl surveys,,0
OF0043,1990-07-18,,,Japan,,PRESERVED_SPECIMEN,"Regalecus russelii (Cuvier, 1816)",1,1829828384,,,0
OF0044,1990-07-19,,,Japan,,HUMAN_OBSERVATION,"Regalecus russelii (Cuvier, 1816)",1,1829977065,,,0
OF0045,1990-07-19,,,Japan,"Igumi Fishing Port, Setnet of Anami",PRESERVED_SPECIMEN,"Regalecus russelii (Cuvier, 1816)",1,295213476,,,0
OF0046,1990-07-31,-43.0803,169.5093,New Zealand,,HUMAN_OBSERVATION,"Regalecus glesne Ascanius, 1772",1,1427044720,MBIS research trawl surveys,,0
OF0047,1990-10-03,,,Japan,,PRESERVED_SPECIMEN,"Regalecus russelii (Cuvier, 1816)",1,1829828891,,,0
OF0048,1990-11-26,-48.5223,168.3177,New Zealand,,HUMAN_OBSERVATION,"Agrostichthys parkeri (Benham, 1904)",1,1426942408,MBIS research trawl surveys,,0
OF0049,1990-12-07,-49.5045,175.241,New Zealand,,HUMAN_OBSERVATION,"Regalecus glesne Ascanius, 1772",1,1426943289,MBIS research trawl surveys,,0
OF0050,1991-12-28,-42.9517,178.3667,New Zealand,,HUMAN_OBSERVATION,"Regalecus glesne Ascanius, 1772",1,1427226320,MBIS research trawl surveys,,0
OF0051,1992-01-13,-43.8868,174.8288,New Zealand,,HUMAN_OBSERVATION,"Regalecus glesne Ascanius, 1772",1,1427226759,MBIS research trawl surveys,,0
OF0052,1992-01-17,-44.0383,175.3783,New Zealand,,HUMAN_OBSERVATION,"Regalecus glesne Ascanius, 1772",1,1427223443,MBIS research trawl surveys,,0
OF0053,1992-01-31,-43.8208,175.0162,New Zealand,,HUMAN_OBSERVATION,"Regalecus glesne Ascanius, 1772",1,1427225231,MBIS research trawl surveys,,0
OF0054,1992-07-02,-43.8705,-174.5452,New Zealand,,HUMAN_OBSERVATION,"Agrostichthys parkeri (Benham, 1904)",1,1427232015,MBIS research trawl surveys,,0
OF0055,1992-07-18,-42.8678,-176.0723,New Zealand,,HUMAN_OBSERVATION,"Agrostichthys parkeri (Benham, 1904)",1,1427234339,MBIS research trawl surveys,,0
OF0056,1992-11-06,-44.692,-176.7763,New Zealand,,HUMAN_OBSERVATION,"Regalecus glesne Ascanius, 1772",1,1427240504,MBIS research trawl surveys,,0
OF0057,1992-12-01,,,,PORT PHILLIP BAY AND BASS STRAIT,PRESERVED_SPECIMEN,"Regalecus glesne Ascanius, 1772",1,864304189,,,0
OF0058,1992-12-09,-46.55,166.3133,New Zealand,,HUMAN_OBSERVATION,"Agrostichthys parkeri (Benham, 1904)",1,1427242207,MBIS research trawl surveys,,0
OF0059,1993-01-04,-33.7167,18.4333,South Africa,Melkbos Strand - Washed up on beach,PRESERVED_SPECIMEN,"Regalecus glesne Ascanius, 1772",1,2424192481,,,0
OF0060,1993-01-09,-43.6915,176.5177,New Zealand,,HUMAN_OBSERVATION,"Agrostichthys parkeri (Benham, 1904)",1,1427247221,MBIS research trawl surveys,,0
OF0061,1993-01-12,-43.9035,179.3582,New Zealand,,HUMAN_OBSERVATION,"Regalecus glesne Ascanius, 1772",1,1427247586,MBIS research trawl surveys,,0
OF0062,1993-01-16,-44.0938,-177.2328,New Zealand,,HUMAN_OBSERVATION,"Regalecus glesne Ascanius, 1772",1,1427244161,MBIS research trawl surveys,,0
OF0063,1993-01-30,-43.089,179.1808,New Zealand,,HUMAN_OBSERVATION,"Regalecus glesne Ascanius, 1772",1,1427245480,MBIS research trawl surveys,,0
OF0064,1993-03-24,-37.8828,178.8233,New Zealand,,HUMAN_OBSERVATION,"Regalecus glesne Ascanius, 1772",1,1427252189,MBIS research trawl surveys,,0
OF0065,1993-10-29,-44.3968,-175.045,New Zealand,,HUMAN_OBSERVATION,"Agrostichthys parkeri (Benham, 1904)",1,1427255969,MBIS research trawl surveys,,0
OF0066,1993-12-17,-49.3002,168.3893,New Zealand,,HUMAN_OBSERVATION,"Agrostichthys parkeri (Benham, 1904)",1,1427258682,MBIS research trawl surveys,,0
OF0067,1994-04-13,-42.11666,148.26666,Australia,Muirs Beach,PRESERVED_SPECIMEN,"Regalecus glesne Ascanius, 1772",1,1845026121,,,0
OF0068,1994-05-24,-42.7962,-179.6553,New Zealand,,HUMAN_OBSERVATION,"Agrostichthys parkeri (Benham, 1904)",1,1427269170,MBIS research trawl surveys,,0
OF0069,1994-07-10,-35.1,150.8,Australia,"Jervis Bay, .5 km S of south head",PRESERVED_SPECIMEN,"Regalecus glesne Ascanius, 1772",3,1100638338;1100638340;1100638342,,,0
OF0070,1994-07-13,-42.8658,-175.2133,New Zealand,,HUMAN_OBSERVATION,"Regalecus glesne Ascanius, 1772",1,1427272371,MBIS research trawl surveys,,0
OF0071,1994-07-19,-42.7968,-176.2543,New Zealand,,HUMAN_OBSERVATION,"Agrostichthys parkeri (Benham, 1904)",1,1427272957,MBIS research trawl surveys,,0
OF0072,1995-01-21,-43.1888,174.1547,New Zealand,,HUMAN_OBSERVATION,"Agrostichthys parkeri (Benham, 1904)",1,1427279203,MBIS research trawl surveys,,0
OF0073,1995-03-31,26.35771,-80.02673,United States of America,2 mi east of Boca Raton,PRESERVED_SPECIMEN,"Regalecus glesne Ascanius, 1772",1,624150868,,,0
OF0074,1995-05-17,-37.5123,179.3643,New Zealand,,HUMAN_OBSERVATION,"Regalecus glesne Ascanius, 1772",1,1427281641,MBIS research trawl surveys,,0
OF0075,1995-08-12,-42.6833,-179.9633,New Zealand,,HUMAN_OBSERVATION,"Agrostichthys parkeri (Benham, 1904)",1,1427285018,MBIS research trawl surveys,,0
OF0076,1995-09-12,10.75,-85.7,Costa Rica,Gulf of Papagayo,MATERIAL_CITATION,"Regalecus russelii (Cuvier, 1816)",1,1437749050,,https://treatment.plazi.org/id/8A566B093C696169FF6A9EBDB64EA054#B297D0423C696166FF6A9F2FB74CA64E,0
OF0077,1995-09-20,,,Namibia,off Namibia.,PRESERVED_SPECIMEN,"Regalecus russelii (Cuvier, 1816)",1,42598445,,,0
OF0078,1995-10-10,-44.1598,178.0768,New Zealand,,HUMAN_OBSERVATION,"Agrostichthys parkeri (Benham, 1904)",1,1427287645,MBIS research trawl surveys,,0
OF0079,1995-10-12,-44.21,178.8613,New Zealand,,HUMAN_OBSERVATION,"Agrostichthys parkeri (Benham, 1904)",1,1427287774,MBIS research trawl surveys,,0
OF0080,1995-10-18,-44.5895,-175.8708,New Zealand,,HUMAN_OBSERVATION,"Agrostichthys parkeri (Benham, 1904)",1,1427288685,MBIS research trawl surveys,,0
OF0081,1995-11-07,-44.3967,-178.141,New Zealand,,HUMAN_OBSERVATION,"Regalecus glesne Ascanius, 1772",1,1427286743,MBIS research trawl surveys,,0
OF0082,1996-01-20,-43.0178,174.889,New Zealand,,HUMAN_OBSERVATION,"Regalecus glesne Ascanius, 1772",1,1427290980,MBIS research trawl surveys,,0
OF0083,1996-01-28,-43.2178,177.5375,New Zealand,,HUMAN_OBSERVATION,"Agrostichthys parkeri (Benham, 1904)",1,1427291212,MBIS research trawl surveys,,0
OF0084,1996-04-21,-48.879,171.3485,New Zealand,,HUMAN_OBSERVATION,"Regalecus glesne Ascanius, 1772",1,1427294414,MBIS research trawl surveys,,0
OF0085,1996-06-19,,,Viet Nam,,HUMAN_OBSERVATION,"Regalecus russelii (Cuvier, 1816)",1,1830010042,,,0
OF0086,1996-09-19,,,United States of America,Coronado: US Naval Special Warfare Center,PRESERVED_SPECIMEN,"Regalecus glesne Ascanius, 1772",1,864587523,,,0
OF0087,1996-09-19,32.667,-117.233667,United States of America,USA | California | No Pacific Ocean | San Diego Co.: Coronado: US Naval Special Warfare Center; on beach,PRESERVED_SPECIMEN,"Regalecus russelii (Cuvier, 1816)",1,1423549472,,http://portal.vertnet.org/o/sio/marine-vertebrates?id=6925237e-41c8-48cd-96ed-69463d9b4ac3,0
OF0088,1996-09-24,-41.5977,174.979,New Zealand,,HUMAN_OBSERVATION,"Agrostichthys parkeri (Benham, 1904)",1,1427296261,MBIS research trawl surveys,,0
OF0089,1996-09-26,-43.0177,174.6917,New Zealand,,HUMAN_OBSERVATION,"Agrostichthys parkeri (Benham, 1904)",1,1427296283,MBIS research trawl surveys,,0
OF0090,1996-09-26,-43.0198,175.2092,New Zealand,,HUMAN_OBSERVATION,"Agrostichthys parkeri (Benham, 1904)",1,1427296331,MBIS research trawl surveys,,0
OF0091,1997-10-26,32.68,-117.25,United States of America,,PRESERVED_SPECIMEN,"Regalecus glesne Ascanius, 1772",4,4152801623;1423552670;1423575135;4916021684,,https://www.ebi.ac.uk/ena/browser/view/OQ846377;http://portal.vertnet.org/o/sio/marine-vertebrates?id=def8c48f-9b30-4abf-8550-ccb65ed6d653;http://portal.vertnet.org/o/sio/marine-vertebrates?id=34cd1c13-2397-4c29-a33f-5ff9a2ded5cb;https://portal.boldsystems.org/record/MFC171-08,0
OF0092,1997-10-26,32.714939,-117.449601,United States of America,about 17 miles West of San Diego,MATERIAL_SAMPLE,"Regalecus russelii (Cuvier, 1816)",1,656966623,University of Kansas Biodiversity Institute Fish Tissue Collection,,0
OF0093,1997-10-26,,,United States of America,ca 17 miles W of Point Loma,PRESERVED_SPECIMEN,"Regalecus glesne Ascanius, 1772",1,864587650,,,0
OF0094,1998-01-21,-43.5043,175.8213,New Zealand,,HUMAN_OBSERVATION,"Regalecus glesne Ascanius, 1772",2,1427300999;1427300997,MBIS research trawl surveys,,0
OF0095,1998-01-22,-43.8258,175.6095,New Zealand,,HUMAN_OBSERVATION,"Agrostichthys parkeri (Benham, 1904)",1,1427301001,MBIS research trawl surveys,,0
OF0096,1998-07-09,23.373611,-109.433056,Mexico,"Frente a los Frailes, Baja California Sur",PRESERVED_SPECIMEN,"Regalecus russelii (Cuvier, 1816)",1,1418840566,Registros ictiofaunísticos de localidades selectas de 10 regiones marinas prioritarias del Pacífico Mexicano,http://www.snib.mx/snibgeoportal/Ejemplar.php?id=6de69ca4e5ee9769dfaa8d852ae34e34,0
OF0097,1998-07-28,-42.966,-174.4032,New Zealand,,HUMAN_OBSERVATION,"Regalecus glesne Ascanius, 1772",1,1427305812,MBIS research trawl surveys,,0
OF0098,1998-09-13,-53.0117,170.2342,New Zealand,,HUMAN_OBSERVATION,"Regalecus glesne Ascanius, 1772",1,1427305982,MBIS research trawl surveys,,0
OF0099,1999-02-11,35.06,-75.09,United States of America,Station 30,PRESERVED_SPECIMEN,"Regalecus glesne Ascanius, 1772",1,863248707,,http://mczbase.mcz.harvard.edu/guid/MCZ:Ich:155453,0
OF0100,1999-02-18,,,Japan,,HUMAN_OBSERVATION,"Regalecus russelii (Cuvier, 1816)",1,1830002453,,,0
OF0101,1999-04-14,28.133333,-14.033333,Spain,"Canary Islands, off Fuerteventura",PRESERVED_SPECIMEN,"Regalecus glesne Ascanius, 1772",1,43464327,Natural History Museum Denmark|Ichthyology,,0
OF0102,1999-04-23,27.766667,-15.816667,Spain,"Canary Islands, off Gran Canaria",PRESERVED_SPECIMEN,"Regalecus glesne Ascanius, 1772",1,4464494253,Natural History Museum Denmark|Ichthyology,,0
OF0103,1999-04-23,27.65,-15.65,Spain,"Canary Islands, off Gran Canaria",PRESERVED_SPECIMEN,"Regalecus glesne Ascanius, 1772",1,4464502621,Natural History Museum Denmark|Ichthyology,,0
OF0104,1999-07-06,-42.7265,-179.9432,New Zealand,,HUMAN_OBSERVATION,"Regalecus glesne Ascanius, 1772",1,1427311083,MBIS research trawl surveys,,0
OF0105,1999-12-01,23.94,121.51,Chinese Taipei,"Liyu Pond, Hualien River, Hualien",OCCURRENCE,"Regalecus Ascanius, 1772",1,218777310,,,0
OF0106,2000-01-09,-43.808,179.5702,New Zealand,,HUMAN_OBSERVATION,"Agrostichthys parkeri (Benham, 1904)",1,1427153557,MBIS research trawl surveys,,0
OF0107,2000-01-22,-35.3833,18.7,South Africa,Western Agulhas Bank,PRESERVED_SPECIMEN,"Regalecus glesne Ascanius, 1772",1,1230394167,,,0
OF0108,2000-05-21,25.17,121.4,Chinese Taipei,"Bali, Taipei",OCCURRENCE,"Regalecus Ascanius, 1772",1,218777311,,,0
OF0109,2000-09-28,23.94,121.51,Chinese Taipei,"set net, Chongde, Hualien",OCCURRENCE,"Regalecus glesne Ascanius, 1772",1,218777306,,,0
OF0110,2000-11-27,-48.4858,172.504,New Zealand,,HUMAN_OBSERVATION,"Regalecus glesne Ascanius, 1772",1,1427159346,MBIS research trawl surveys,,0
OF0111,2000-12-07,-49.2138,167.8957,New Zealand,,HUMAN_OBSERVATION,"Agrostichthys parkeri (Benham, 1904)",1,1427159784,MBIS research trawl surveys,,0
OF0112,2001-01-18,-43.8377,175.6065,New Zealand,,HUMAN_OBSERVATION,"Agrostichthys parkeri (Benham, 1904)",1,1427161351,MBIS research trawl surveys,,0
OF0113,2001-01-21,-43.4158,174.3477,New Zealand,,HUMAN_OBSERVATION,"Agrostichthys parkeri (Benham, 1904)",1,1427161769,MBIS research trawl surveys,,0
OF0114,2001-04-02,31.428889,130.196945,Japan,"Off east of Sakinoyama, Kataura, Kasasa, Minamisatsuma, Kagoshima, Japan",PRESERVED_SPECIMEN,"Regalecus russelii (Cuvier, 1816)",1,1830692376,,,0
OF0115,2001-05-21,,,Japan,"Japan, Sea of Japan, Honshu, Hyogo Pref., Mikata-gun, Hamasaka Town, off Kamaya",PRESERVED_SPECIMEN,"Regalecus glesne Ascanius, 1772",1,43989179,,https://db.kahaku.go.jp/webmuseum_en/detail?cls=col_a1_05&pkey=NSMT-P%2C61144%2C,0
OF0116,2001-06-05,,,Japan,"Japan, Sea of Japan, Honshu, Hyogo Pref., Mikata-gun, Hamasaka Town, off Kamaya",PRESERVED_SPECIMEN,"Regalecus russelii (Cuvier, 1816)",1,43989176,,https://db.kahaku.go.jp/webmuseum_en/detail?cls=col_a1_05&pkey=NSMT-P%2C61085%2C,0
OF0117,2001-06-16,59.07,-14.13167,United Kingdom of Great Britain and Northern Ireland,,HUMAN_OBSERVATION,"Regalecus glesne Ascanius, 1772",1,6396111738,imr_fish,,0
OF0118,2001-06-17,59.27333,-17.18833,,,HUMAN_OBSERVATION,"Regalecus glesne Ascanius, 1772",1,6396215919,imr_fish,,0
OF0119,2001-07-25,-41.618,174.7528,New Zealand,,HUMAN_OBSERVATION,"Agrostichthys parkeri (Benham, 1904)",3,1427165674;1427165782;1427165796,MBIS research trawl surveys,,0
OF0120,2001-11-16,,,Japan,,HUMAN_OBSERVATION,"Regalecus russelii (Cuvier, 1816)",1,1830021421,,,0
OF0121,2002-01-24,-43.0813,-178.1967,New Zealand,,HUMAN_OBSERVATION,"Agrostichthys parkeri (Benham, 1904)",1,1427171263,MBIS research trawl surveys,,0
OF0122,2002-05-12,40.2627,3.7802,Spain,,OCCURRENCE,"Regalecus glesne Ascanius, 1772",1,5763517580,,,0
OF0123,2002-05-17,,,Japan,Ryukyu Is. off Yaeyama Is.,PRESERVED_SPECIMEN,"Regalecus russelii (Cuvier, 1816)",1,1934480333,,https://db.kahaku.go.jp/webmuseum_en/detail?cls=col_a1_05&pkey=NSMT-P%2C76509%2C,0
OF0124,2002-05-22,,,Japan,"Japan, Sea of Japan, Honshu, Hyogo Pref., Mikata-gun, Hamasaka Town, off Kamaya",PRESERVED_SPECIMEN,"Regalecus russelii (Cuvier, 1816)",1,43989181,,https://db.kahaku.go.jp/webmuseum_en/detail?cls=col_a1_05&pkey=NSMT-P%2C63945%2C,0
OF0125,2002-06-08,24.92389,-80.62806,United States of America,Off Islamorada,PRESERVED_SPECIMEN,"Regalecus glesne Ascanius, 1772",1,624196740,,,1
OF0126,2002-07-05,,,Japan,"Japan, Sea of Japan, Honshu, Hyogo Pref., Mikata-gun, Hamasaka Town, off Kamaya",PRESERVED_SPECIMEN,"Regalecus russelii (Cuvier, 1816)",1,43989178,,https://db.kahaku.go.jp/webmuseum_en/detail?cls=col_a1_05&pkey=NSMT-P%2C64357%2C,0
OF0127,2002-07-15,-42.7728,179.8365,New Zealand,,HUMAN_OBSERVATION,"Regalecus glesne Ascanius, 1772",2,1427175977;1427125218,MBIS research trawl surveys,,0
OF0128,2002-07-17,40.18333,-68.08333,United States of America,Slope water,MATERIAL_SAMPLE,"Regalecus glesne Ascanius, 1772",1,656962328,University of Kansas Biodiversity Institute Fish Tissue Collection,,0
OF0129,2002-07-19,39.98,-67.99,United States of America,0-1160 m,PRESERVED_SPECIMEN,"Regalecus glesne Ascanius, 1772",1,863237505,,http://mczbase.mcz.harvard.edu/guid/MCZ:Ich:161667,1
OF0130,2002-07-24,,,Japan,"Japan, Sea of Japan, Honshu, Hyogo Pref., Mikata-gun, Hamasaka Town, off Kamaya",PRESERVED_SPECIMEN,"Regalecus russelii (Cuvier, 1816)",1,43989182,,https://db.kahaku.go.jp/webmuseum_en/detail?cls=col_a1_05&pkey=NSMT-P%2C64490%2C,0
OF0131,2002-07-26,39.93,-67.36,United States of America,vicinity of Bear Seamount,PRESERVED_SPECIMEN,"Regalecus glesne Ascanius, 1772",1,863237480,,http://mczbase.mcz.harvard.edu/guid/MCZ:Ich:161668,0
OF0132,2002-08-01,40.7,-66.58333,United States of America,Slope water,MATERIAL_SAMPLE,"Regalecus glesne Ascanius, 1772",2,656979504;863237466,University of Kansas Biodiversity Institute Fish Tissue Collection,http://mczbase.mcz.harvard.edu/guid/MCZ:Ich:161669,0
OF0133,2002-12-17,-48.3078,169.5947,New Zealand,,HUMAN_OBSERVATION,"Agrostichthys parkeri (Benham, 1904)",1,1427179036,MBIS research trawl surveys,,0
OF0134,2003-02-08,,,Japan,Tateyama,PRESERVED_SPECIMEN,"Regalecus russelii (Cuvier, 1816)",1,415439732,,,0
OF0135,2003-02-20,54.616667,-0.866667,United Kingdom of Great Britain and Northern Ireland,,MATERIAL_SAMPLE,"Regalecus glesne Ascanius, 1772",1,4116943157,1743-2010 National Marine Aquarium (NMA) United Kingdom Marine Fish Recording Scheme,,0
OF0136,2003-05-15,40.00944,-67.39333,United States of America,[no specific locality data],PRESERVED_SPECIMEN,"Regalecus glesne Ascanius, 1772",1,863260607,,http://mczbase.mcz.harvard.edu/guid/MCZ:Ich:163052,0
OF0137,2003-05-15,39.86917,-67.25583,United States of America,[no verbatim locality data],PRESERVED_SPECIMEN,"Regalecus glesne Ascanius, 1772",3,863260559;863260606;863260567,,http://mczbase.mcz.harvard.edu/guid/MCZ:Ich:163051;http://mczbase.mcz.harvard.edu/guid/MCZ:Ich:163053;http://mczbase.mcz.harvard.edu/guid/MCZ:Ich:163055,0
OF0138,2003-05-17,39.81528,-67.45333,United States of America,[no specific locality data],PRESERVED_SPECIMEN,"Regalecus glesne Ascanius, 1772",2,863260565;863237176,,http://mczbase.mcz.harvard.edu/guid/MCZ:Ich:163054;http://mczbase.mcz.harvard.edu/guid/MCZ:Ich:163286,0
OF0139,2003-05-22,,,Japan,off Ryukyu Is.,PRESERVED_SPECIMEN,"Regalecus russelii (Cuvier, 1816)",1,1934480355,,https://db.kahaku.go.jp/webmuseum_en/detail?cls=col_a1_05&pkey=NSMT-P%2C76522%2C,0
OF0140,2003-11-27,-51.3448,166.5877,New Zealand,,HUMAN_OBSERVATION,"Agrostichthys parkeri (Benham, 1904)",1,1427183292,MBIS research trawl surveys,,0
OF0141,2004-01-11,,,Japan,,HUMAN_OBSERVATION,"Regalecus russelii (Cuvier, 1816)",1,1830056052,,,0
OF0142,2004-06-04,39.95987,-67.43225,United States of America,,HUMAN_OBSERVATION,"Regalecus glesne Ascanius, 1772",6,2650394597;863255992;3347214163;656982517;2251574092;863256040,University of Kansas Biodiversity Institute Fish Tissue Collection,http://mczbase.mcz.harvard.edu/guid/MCZ:Ich:164041;https://www.ebi.ac.uk/ena/browser/view/KF930351;https://portal.boldsystems.org/record/UKFBI838-08;http://mczbase.mcz.harvard.edu/guid/MCZ:Ich:164043,0
OF0143,2004-06-05,39.83818,-67.41337,United States of America,,HUMAN_OBSERVATION,"Regalecus glesne Ascanius, 1772",3,2650392486;863256029;2650392481,,http://mczbase.mcz.harvard.edu/guid/MCZ:Ich:164042,0
OF0144,2004-06-05,,,United States of America,,HUMAN_OBSERVATION,"Regalecus glesne Ascanius, 1772",1,2650642460,,,0
OF0145,2004-06-06,39.89295,-67.31162,United States of America,,HUMAN_OBSERVATION,"Regalecus glesne Ascanius, 1772",3,2650404449;1981036893;863255949,,http://collections.peabody.yale.edu/search/Record/YPM-ICH-015009;http://mczbase.mcz.harvard.edu/guid/MCZ:Ich:164044,0
OF0146,2004-10-25,-32.583,115.717,Australia,Peel-Harvey estuary,MATERIAL_SAMPLE,"Regalecus glesne Ascanius, 1772",3,4916224504;1066017608;5009228532,,https://portal.boldsystems.org/record/FOAE291-06,0
OF0147,2004-10-27,-44.14,147.26,Australia,Pedra Branca area,PRESERVED_SPECIMEN,"Agrostichthys parkeri (Benham, 1904)",3,1066016051;5008982533;2249171121,,https://portal.boldsystems.org/record/FOAE284-06,0
OF0148,2004-12-09,31.32875,-10.476,Morocco,,PRESERVED_SPECIMEN,"Regalecus glesne Ascanius, 1772",1,4127945190,Colección de Fauna Marina del Centro Oceanográfico de Málaga (IEO-CSIC): CFM-IEOMA,,0
OF0149,2005-01-23,,,Japan,"Japan, Shikoku, Ehime Pref., Inland Sea of Seto, off Yahatahama, near Sajima Island",PRESERVED_SPECIMEN,"Regalecus russelii (Cuvier, 1816)",1,1934518672,,https://db.kahaku.go.jp/webmuseum_en/detail?cls=col_a1_05&pkey=NSMT-P%2C70030%2C,0
OF0150,2005-03-07,27.297528,-82.562778,United States of America,"Big Sarasota Pass, between north end of Siesta Key, and south end of Lido Key",PRESERVED_SPECIMEN,"Regalecus glesne Ascanius, 1772",1,624198821,,,1
OF0151,2005-07-30,-30.333,30.75,South Africa,Park Rynie,MATERIAL_SAMPLE,BOLD:AAF8340,1,2251568508,,https://portal.boldsystems.org/record/TZSAN053-06,1
OF0152,2005-10-11,-31.733334,159.25,Australia,"Lord Howe Island, 3km West of Balls Pyramid",PRESERVED_SPECIMEN,"Regalecus glesne Ascanius, 1772",3,1100676053;1100676070;1100676119,,,0
OF0153,2006-01-03,-43.1572,-179.136,New Zealand,,HUMAN_OBSERVATION,"Agrostichthys parkeri (Benham, 1904)",1,1427202589,MBIS research trawl surveys,,0
OF0154,2006-02-23,25.826454,-111.229375,Mexico,"Bahía de Loreto, Loreto, MX-BS, MX",HUMAN_OBSERVATION,"Regalecus russelii (Cuvier, 1816)",1,2864605572,iNaturalist research-grade observations,https://www.inaturalist.org/observations/58440646,1
OF0155,2006-02-26,59.29779,4.893483,Norway,"Sørevågen, Utsira, Utsira, Ro",HUMAN_OBSERVATION,"Regalecus glesne Ascanius, 1772",1,1825683299,,,0
OF0156,2006-03-21,18.268,-87.824,Mexico,Xcalak,MATERIAL_SAMPLE,BOLD:AAF8341,1,1415807902,,https://portal.boldsystems.org/record/MFLVI641-10,0
OF0157,2006-04-12,24.283333,-81.75,United States of America,"Straits of Florida, south of Key West",PRESERVED_SPECIMEN,"Regalecus glesne Ascanius, 1772",1,624212232,,,0
OF0158,2006-04-17,24.216667,-81.583333,United States of America,"Straits of Florida, south-southeast of Key West",PRESERVED_SPECIMEN,"Regalecus glesne Ascanius, 1772",1,624212233,,,0
OF0159,2006-06-17,39.92433,-67.54533,United States of America,,HUMAN_OBSERVATION,"Regalecus Ascanius, 1772",1,2650635394,,,0
OF0160,2006-06-18,39.86133,-66.89733,United States of America,,HUMAN_OBSERVATION,"Regalecus Ascanius, 1772",3,2650619600;863261120;2650403618,,http://mczbase.mcz.harvard.edu/guid/MCZ:Ich:165936,1
OF0161,2006-06-29,-43.183333,147.85,Australia,Safety Cove,PRESERVED_SPECIMEN,"Agrostichthys parkeri (Benham, 1904)",3,1066016303;2249171097;5009245616,,https://portal.boldsystems.org/record/FOAF815-07,0
OF0162,2006-08-08,24.94,121.9,Chinese Taipei,,MATERIAL_SAMPLE,"Regalecus Ascanius, 1772",4,2249184764;218777307;218777308;218777309,,https://portal.boldsystems.org/record/FTWS710-09,0
OF0163,2006-08-16,33.45,-118.48,United States of America,"Eastern Pacific | | USA | California | Los Angeles | Santa Catalina Island, Big Fisherman Cove, washed ashore at the Wrigley Marine Science Center",PRESERVED_SPECIMEN,"Regalecus russelii (Cuvier, 1816)",1,1054707422,LACM Vertebrates,http://portal.vertnet.org/o/lacm/fish?id=837f4dac-eb8c-40cc-b46c-db434962dea8,0
OF0164,2007-01-20,,,Japan,,PRESERVED_SPECIMEN,"Regalecus russelii (Cuvier, 1816)",1,1829822181,,,0
OF0165,2007-01-20,33.7,129.75,Japan,"Genkai Sea, Ikinoshima Island, off Ishida",PRESERVED_SPECIMEN,"Regalecus russelii (Cuvier, 1816)",1,1262937683,,,0
OF0166,2007-01-20,-42.9817,174.2478,New Zealand,,HUMAN_OBSERVATION,"Agrostichthys parkeri (Benham, 1904)",1,1427208024,MBIS research trawl surveys,,0
OF0167,2007-02-02,,,Japan,"Japan, Shikoku, Ehime Pref., Yawayahama City, Sashima",PRESERVED_SPECIMEN,"Regalecus russelii (Cuvier, 1816)",1,1934480154,,https://db.kahaku.go.jp/webmuseum_en/detail?cls=col_a1_05&pkey=NSMT-P%2C76248%2C,0
OF0168,2007-03-24,31.428889,130.196945,Japan,"Off east of Sakinoyama, Kataura, Kasasa, Minamisatsuma, Kagoshima, Japan",PRESERVED_SPECIMEN,"Regalecus russelii (Cuvier, 1816)",1,1830700561,,,0
OF0169,2007-04-29,27.24,-90.23,United States of America,Northern Gulf of Mexico,PRESERVED_SPECIMEN,"Regalecus glesne Ascanius, 1772",2,624216193;4105402509,Fishes of Texas Project,http://www.fishesoftexas.org/specimen/UF_167296,0
OF0170,2007-05-11,-43.5143,174.0068,New Zealand,,HUMAN_OBSERVATION,"Agrostichthys parkeri (Benham, 1904)",1,1427057279,MBIS research trawl surveys,,0
OF0171,2007-07-31,-30.431,30.851,South Africa,Park Rynie,MATERIAL_SAMPLE,BOLD:AAF8340,1,2249105623,,https://portal.boldsystems.org/record/DSLAF724-08,1
OF0172,2007-10-05,-25.58,33.848333,Mozambique,Off Mozambique,PRESERVED_SPECIMEN,"Regalecus russelii (Cuvier, 1816)",1,1230397862,,,1
OF0173,2007-10-29,,,Japan,"Japan, Honshu, Pacific off Fukushima Pref.",PRESERVED_SPECIMEN,"Regalecus russelii (Cuvier, 1816)",1,1934482945,,https://db.kahaku.go.jp/webmuseum_en/detail?cls=col_a1_05&pkey=NSMT-P%2C79347%2C,0
OF0174,2007-11-05,-41.28333,174.8,New Zealand,,MATERIAL_SAMPLE,BOLD:AAF1667,1,2249167389,,https://portal.boldsystems.org/record/FNZA705-08,0
OF0175,2007-12-07,-50.8073,167.1,New Zealand,,HUMAN_OBSERVATION,"Agrostichthys parkeri (Benham, 1904)",1,1427214451,MBIS research trawl surveys,,0
OF0176,2008-05-23,31.418333,130.208889,Japan,"Off northeast of Matsu Island, Kasasa, Minamisatsuma, Kagoshima, Japan",PRESERVED_SPECIMEN,"Regalecus russelii (Cuvier, 1816)",1,1830702379,,,0
OF0177,2009-01-22,,,Japan,Nonai Fishing Port,PRESERVED_SPECIMEN,"Regalecus russelii (Cuvier, 1816)",1,1829002085,,,0
OF0178,2009-02-01,55.32076,-1.549204,United Kingdom of Great Britain and Northern Ireland,,MATERIAL_SAMPLE,"Regalecus glesne Ascanius, 1772",1,4116942778,1743-2010 National Marine Aquarium (NMA) United Kingdom Marine Fish Recording Scheme,,0
OF0179,2009-02-24,55.025,-1.425,United Kingdom of Great Britain and Northern Ireland,,MATERIAL_SAMPLE,"Regalecus glesne Ascanius, 1772",1,4116941335,1743-2010 National Marine Aquarium (NMA) United Kingdom Marine Fish Recording Scheme,,0
OF0180,2009-02-27,27.766667,126.25,Japan,East China Sea,PRESERVED_SPECIMEN,"Regalecus russelii (Cuvier, 1816)",1,1830765515,,,0
OF0181,2009-05-06,24.425467,-80.755467,United States of America,North America | United States | Florida | Marathon Hump,PRESERVED_SPECIMEN,"Regalecus glesne Ascanius, 1772",1,3698494613,,http://portal.vertnet.org/o/cumv/fish?id=3e7301fc-f472-11e6-8713-0050569523c7,0
OF0182,2009-05-18,31.428889,130.196945,Japan,"Off east of Sakinoyama, Kataura, Kasasa, Minamisatsuma, Kagoshima, Japan",PRESERVED_SPECIMEN,"Regalecus russelii (Cuvier, 1816)",1,1830711643,,,0
OF0183,2009-05-19,,,Netherlands,,PRESERVED_SPECIMEN,"Regalecus glesne Ascanius, 1772",1,2831939745,,,1
OF0184,2009-05-19,53.05,4.8,Netherlands,Texel (gemeente),HUMAN_OBSERVATION,"Regalecus glesne Ascanius, 1772",1,3714733472,,,0
OF0185,2009-05-19,53.25,4.95,Netherlands,Vlieland (algemeen),HUMAN_OBSERVATION,"Regalecus glesne Ascanius, 1772",1,3714631466,,,0
OF0186,2009-06-16,,,Japan,"Off east of Sakinoyama, Kataura, Kasasa",PRESERVED_SPECIMEN,"Regalecus russelii (Cuvier, 1816)",1,1830713959,,,0
OF0187,2009-08-07,-34.800108,20.057228,South Africa,Struisbaai Slipway,HUMAN_OBSERVATION,"Regalecus glesne Ascanius, 1772",1,4952393462,iNaturalist research-grade observations,https://www.inaturalist.org/observations/245612203,1
OF0188,2009-11-23,-30.333,30.75,South Africa,Park Rynie,MATERIAL_SAMPLE,BOLD:AAF8340,2,1414868760;1414868857,,https://portal.boldsystems.org/record/DSLAG723-10;https://portal.boldsystems.org/record/DSLAG720-10,1
OF0189,2009-11-27,-30.333,30.75,South Africa,Park Rynie,MATERIAL_SAMPLE,BOLD:AAF8340,1,1414868942,,https://portal.boldsystems.org/record/DSLAG721-10,1
OF0190,2009-12-01,-48.61,175.25,New Zealand,,HUMAN_OBSERVATION,"Agrostichthys parkeri (Benham, 1904)",1,1990375828,NZ research trawl surveys since 2008,,0
OF0191,2009-12-04,-30.431,30.851,South Africa,Park Rynie,MATERIAL_SAMPLE,BOLD:AAF8340,1,1414868837,,https://portal.boldsystems.org/record/DSLAG724-10,1
OF0192,2010-01-04,35.53333,135.19999,Japan,"Miyazu, Kyoto, Japan",PRESERVED_SPECIMEN,"Regalecus russelii (Cuvier, 1816)",3,1262937560;1262937592;1262937593,,,0
OF0193,2010-02-20,19.035,-104.324,Mexico,Playa la boquita,MATERIAL_SAMPLE,"Regalecus Ascanius, 1772",1,1416152233,,https://portal.boldsystems.org/record/SEMAR114-10,0
OF0194,2010-02-25,19.105559,-104.398709,Mexico,"Marina Puerto Santiago, Manzanillo, Col., México",HUMAN_OBSERVATION,"Regalecus russelii (Cuvier, 1816)",1,4091371161,iNaturalist research-grade observations,https://www.inaturalist.org/observations/155059505,1
OF0195,2010-03-14,,,Japan,,PRESERVED_SPECIMEN,"Regalecus russelii (Cuvier, 1816)",1,1829822075,,,0
OF0196,2010-03-14,,,Japan,,HUMAN_OBSERVATION,"Regalecus russelii (Cuvier, 1816)",1,1830101981,,,0
OF0197,2010-03-23,-39.93,178.15,New Zealand,,HUMAN_OBSERVATION,"Regalecus glesne Ascanius, 1772",1,1990384976,NZ research trawl surveys since 2008,,0
OF0198,2010-03-24,-39.64,178.21,New Zealand,,HUMAN_OBSERVATION,"Regalecus glesne Ascanius, 1772",1,1990385331,NZ research trawl surveys since 2008,,0
OF0199,2010-03-31,-42.09,174.5,New Zealand,,HUMAN_OBSERVATION,"Agrostichthys parkeri (Benham, 1904)",1,1990382310,NZ research trawl surveys since 2008,,0
OF0200,2010-04-01,,,Japan,,PRESERVED_SPECIMEN,"Regalecus russelii (Cuvier, 1816)",1,1829821217,,,0
OF0201,2010-04-01,34.65999,131.64999,Japan,"Southern Japan, Off Esaki, Hagi, Yamaguchi, Sea of Japan",PRESERVED_SPECIMEN,"Regalecus russelii (Cuvier, 1816)",1,1262937689,,,0
OF0202,2010-04-08,20.119,-87.083,Mexico,"GG1001, St.13 Neuston",MATERIAL_SAMPLE,BOLD:AAF8341,3,1415807755;1415807756;1415807788,,https://portal.boldsystems.org/record/MFLVI523-10;https://portal.boldsystems.org/record/MFLVI521-10;https://portal.boldsystems.org/record/MFLVI524-10,0
OF0203,2010-04-09,20.327,-86.856,Mexico,"Cruise Gordon Gunter 1001, Station 15, 12.1 Km Southeast of Cozumel",MATERIAL_SAMPLE,BOLD:AAF8341,8,1415807373;1415807385;1415807393;1415807437;1898072600;1898072639;1898072647;1898072700,Fortalecimiento de las colecciones de ECOSUR. Primera fase,https://portal.boldsystems.org/record/MFLV682-10;https://portal.boldsystems.org/record/MFLV680-10;https://portal.boldsystems.org/record/MFLV679-10;https://portal.boldsystems.org/record/MFLV681-10;http://www.snib.mx/snibgeoportal/Ejemplar.php?id=bf516d116ff8de0735be8d0c6b2fc2d8;http://www.snib.mx/snibgeoportal/Ejemplar.php?id=b49f3212a9ece5f17a96d41a13445e8f;http://www.snib.mx/snibgeoportal/Ejemplar.php?id=a52217be3d557b0a8de9898bf19966cc;http://www.snib.mx/snibgeoportal/Ejemplar.php?id=831314f536a13923f78a7984c6f41310,0
OF0204,2010-04-10,21.009,-86.523,Mexico,"Cruise Gordon Gunter 1001, Station 26, 27.4 Km East of Punta Nizuc",MATERIAL_SAMPLE,BOLD:AAF8341,2,1415807396;1898072645,Fortalecimiento de las colecciones de ECOSUR. Primera fase,https://portal.boldsystems.org/record/MFLV712-10;http://www.snib.mx/snibgeoportal/Ejemplar.php?id=dacdbf0a5a3a729abdf6239522e8a8d4,0
OF0205,2010-04-25,,,Japan,,HUMAN_OBSERVATION,"Regalecus russelii (Cuvier, 1816)",1,1830019790,,,0
OF0206,2010-05-08,,,Sweden,"Bovallstrand, Badholmarna, i vattnet vid ett sjöbod",PRESERVED_SPECIMEN,"Regalecus glesne Ascanius, 1772",1,683943277,,,0
OF0207,2010-07-01,-43.0,148.0,Australia,,HUMAN_OBSERVATION,"Agrostichthys parkeri (Benham, 1904)",1,5070196679,,,0
OF0208,2010-08-06,35.561667,135.245,Japan,"Oda, Miyazu, Kyoto, Japan",PRESERVED_SPECIMEN,"Regalecus russelii (Cuvier, 1816)",1,2579506300,,,0
OF0209,2010-10-07,-34.153667,18.860053,South Africa,"Gordon's Bay, Villa Via Hotel",PRESERVED_SPECIMEN,"Regalecus glesne Ascanius, 1772",1,1230411842,,,0
OF0210,2010-11-28,34.03,-118.69,United States of America,"Eastern Pacific | | USA | California | Los Angeles | Off Malibu Colony, just N. of Malibu Lagoon",PRESERVED_SPECIMEN,"Regalecus russelii (Cuvier, 1816)",1,1054690212,LACM Vertebrates,http://portal.vertnet.org/o/lacm/fish?id=677115bc-d19b-4fff-8e19-5362b5f7f719,0
OF0211,2011-01-18,,,Japan,,PRESERVED_SPECIMEN,"Regalecus russelii (Cuvier, 1816)",1,1829825579,,,0
OF0212,2011-01-18,35.2,139.14999,Japan,"Kanagawa Prefecture, Odawara City , Komekami , off Komekami, W. of Sagami Bay, 75 km SW Tokyo",PRESERVED_SPECIMEN,"Regalecus russelii (Cuvier, 1816)",1,1262937688,,,0
OF0213,2011-01-19,,,Japan,,HUMAN_OBSERVATION,"Regalecus russelii (Cuvier, 1816)",1,1830022337,,,0
OF0214,2011-02-15,-29.867,31.05,South Africa,Durban,MATERIAL_SAMPLE,BOLD:AAF8340,1,1414868551,,https://portal.boldsystems.org/record/DSLAG1250-11,1
OF0215,2011-04-20,17.99,-87.89,Belize,"Corozal, Station 83",PRESERVED_SPECIMEN,"Regalecus glesne Ascanius, 1772",15,3350564588;3350651804;3350651805;3350658521;3350675896;3350682753;1898072652;1898072657;1898072673;1898072695;1898072717;1898072724;1415892731;1415892762;1415892816,Fortalecimiento de las colecciones de ECOSUR. Primera fase,https://www.ebi.ac.uk/ena/browser/view/KR086904;https://www.ebi.ac.uk/ena/browser/view/KR086898;https://www.ebi.ac.uk/ena/browser/view/KR086906;https://www.ebi.ac.uk/ena/browser/view/KR086897;https://www.ebi.ac.uk/ena/browser/view/KR086908;https://www.ebi.ac.uk/ena/browser/view/KR086907;http://www.snib.mx/snibgeoportal/Ejemplar.php?id=345ca5525ac8a0c3799e6ddae1a197d1;http://www.snib.mx/snibgeoportal/Ejemplar.php?id=d3c71462e2d2fd783d4bf87caf287739;http://www.snib.mx/snibgeoportal/Ejemplar.php?id=7fccee33a91dce51ee567fb896988996;http://www.snib.mx/snibgeoportal/Ejemplar.php?id=c304e0458d90148dbe3a0d62f01c8c23;http://www.snib.mx/snibgeoportal/Ejemplar.php?id=ca78c3c11be09eec205487233491c8db;http://www.snib.mx/snibgeoportal/Ejemplar.php?id=8978b14dfa822f08c812f534e03cf05e;https://portal.boldsystems.org/record/MXFEC038-14;https://portal.boldsystems.org/record/MXFEC042-14;https://portal.boldsystems.org/record/MXFEC177-14,1
OF0216,2011-04-21,18.411,-87.549,Mexico,"Cruise Gordon Gunter 1101, Station 086, 16.8 km Northwest of Cayo Lobos, Banco Chinchorro",MATERIAL_SAMPLE,BOLD:AAF8341,4,1415805957;1898072686;3350682752;1415892730,Fortalecimiento de las colecciones de ECOSUR. Primera fase,https://portal.boldsystems.org/record/MFLE332-13;http://www.snib.mx/snibgeoportal/Ejemplar.php?id=8793b233c40458f39fa20c8da5da0bd6;https://www.ebi.ac.uk/ena/browser/view/KR086899;https://portal.boldsystems.org/record/MXFEC069-14,1
OF0217,2011-04-21,18.541,-87.644,Mexico,Gordon Gunter 1101,PRESERVED_SPECIMEN,"Regalecus glesne Ascanius, 1772",5,1898072650;1898072677;3350569688;3350585741;1415892824,Fortalecimiento de las colecciones de ECOSUR. Primera fase,http://www.snib.mx/snibgeoportal/Ejemplar.php?id=f2335c716e7a8da1afa4a47da52a42b2;http://www.snib.mx/snibgeoportal/Ejemplar.php?id=e5baab258728b55b7f16e3f836d313d8;https://www.ebi.ac.uk/ena/browser/view/KR086900;https://www.ebi.ac.uk/ena/browser/view/KR086901;https://portal.boldsystems.org/record/MXFEC083-14,1
OF0218,2011-04-21,18.792,-87.567,Mexico,Gordon Gunter 1101,PRESERVED_SPECIMEN,"Regalecus glesne Ascanius, 1772",2,1898072676;3350680847,Fortalecimiento de las colecciones de ECOSUR. Primera fase,http://www.snib.mx/snibgeoportal/Ejemplar.php?id=c1f622d6b1d2031af7a0c16606a3ed9e;https://www.ebi.ac.uk/ena/browser/view/KR086909,0
OF0219,2011-04-21,18.632,-87.521,Mexico,Gordon Gunter 1101,PRESERVED_SPECIMEN,"Regalecus glesne Ascanius, 1772",6,1898072688;1898072746;3350609793;3350658522;1415892775;1415892818,Fortalecimiento de las colecciones de ECOSUR. Primera fase,http://www.snib.mx/snibgeoportal/Ejemplar.php?id=75d9dec112b42c17ab0297a617ca2973;http://www.snib.mx/snibgeoportal/Ejemplar.php?id=0695fe0d5f480fd2fcfc2b4a1f3e2a46;https://www.ebi.ac.uk/ena/browser/view/KR086902;https://www.ebi.ac.uk/ena/browser/view/KR086905;https://portal.boldsystems.org/record/MXFEC099-14;https://portal.boldsystems.org/record/MXFEC204-14,1
OF0220,2011-04-21,18.921,-87.597,Mexico,Gordon Gunter 1101,PRESERVED_SPECIMEN,"Regalecus glesne Ascanius, 1772",3,1898072696;3350550796;1415892774,Fortalecimiento de las colecciones de ECOSUR. Primera fase,http://www.snib.mx/snibgeoportal/Ejemplar.php?id=271bbf6faf52b143e0613941b3a79393;https://www.ebi.ac.uk/ena/browser/view/KR086903;https://portal.boldsystems.org/record/MXFEC116-14,1
OF0221,2011-04-21,18.848,-86.858,Mexico,Gordon Gunter 1101,PRESERVED_SPECIMEN,"Regalecus glesne Ascanius, 1772",2,1898072720;3350564587,Fortalecimiento de las colecciones de ECOSUR. Primera fase,http://www.snib.mx/snibgeoportal/Ejemplar.php?id=8ae0cb62edb70d849022156ff106c5e4;https://www.ebi.ac.uk/ena/browser/view/KR086896,0
OF0222,2011-04-22,19.3,-87.181,Mexico,Gordon Gunter 1101,PRESERVED_SPECIMEN,"Regalecus glesne Ascanius, 1772",2,1898072734;3347726606,Fortalecimiento de las colecciones de ECOSUR. Primera fase,http://www.snib.mx/snibgeoportal/Ejemplar.php?id=b382473324bae9cc3c7355e1caa63874;https://www.ebi.ac.uk/ena/browser/view/KR086910,0
OF0223,2011-05-16,23.1,121.37,Chinese Taipei,Chenggong,OCCURRENCE,"Regalecus russelii (Cuvier, 1816)",1,1085605871,,,0
OF0224,2011-05-16,23.056,121.709,Chinese Taipei,"Chenggong, Taiwan",MATERIAL_SAMPLE,"Regalecus russelii (Cuvier, 1816)",1,1851772859,"Colección de referencia de otolitos, Instituto de Ciencias del Mar-CSIC",,1
OF0225,2011-05-30,28.374149,-87.487989,United States of America,"North America | United States | Alabama | 130mi south of Orange Beach, near Independence Hub rig",PRESERVED_SPECIMEN,"Regalecus glesne Ascanius, 1772",1,1137112642,,http://portal.vertnet.org/o/lsumz/fishes?id=03f86e72-2c79-11e4-b6be-a4badbf9cec0,0
OF0226,2011-06-30,-40.06,168.05,New Zealand,,HUMAN_OBSERVATION,"Regalecus glesne Ascanius, 1772",1,1990420845,NZ research trawl surveys since 2008,,0
OF0227,2011-07-07,-39.8,168.13,New Zealand,,HUMAN_OBSERVATION,"Regalecus glesne Ascanius, 1772",1,1990421578,NZ research trawl surveys since 2008,,0
OF0228,2011-09-22,-30.33,30.75,South Africa,Park Rynie,MATERIAL_SAMPLE,BOLD:AAF8340,1,2251567360,,https://portal.boldsystems.org/record/TZSAL353-13,0
OF0229,2011-09-28,-30.33,30.75,South Africa,Park Rynie,MATERIAL_SAMPLE,BOLD:AAF8340,1,1416542654,,https://portal.boldsystems.org/record/TZSAL349-13,0
OF0230,2011-11-11,,,Japan,,HUMAN_OBSERVATION,"Regalecus russelii (Cuvier, 1816)",1,1830045760,,,0
OF0231,2011-11-11,,,Japan,,HUMAN_OBSERVATION,"Regalecus russelii (Cuvier, 1816)",1,1830046323,,,0
OF0232,2011-11-26,23.410333,-110.230333,Mexico,Mexico | Baja California Sur | Pacific: Gulf of California | Todos Santos Commercial Beach,PRESERVED_SPECIMEN,"Regalecus russelii (Cuvier, 1816)",1,1423569610,,http://portal.vertnet.org/o/sio/marine-vertebrates?id=3ead804c-8744-48dc-b285-7e759c85474a,0
OF0233,2011-12-09,-50.69,167.35,New Zealand,,HUMAN_OBSERVATION,"Agrostichthys parkeri (Benham, 1904)",1,1990395045,NZ research trawl surveys since 2008,,0
OF0234,2012-04-26,22.848667,-109.500333,Mexico,Mexico | Baja California Sur | Pacific: Gulf of California | ~14 mi off San Jose del Cabo,PRESERVED_SPECIMEN,"Regalecus russelii (Cuvier, 1816)",1,1423569767,,http://portal.vertnet.org/o/sio/marine-vertebrates?id=f49096f0-832f-4455-a074-368d887fd529,0
OF0235,2012-06-01,,,Japan,,HUMAN_OBSERVATION,"Regalecus russelii (Cuvier, 1816)",1,1830091187,,,0
OF0236,2012-06-01,,,Japan,,HUMAN_OBSERVATION,"Regalecus russelii (Cuvier, 1816)",1,1830091593,,,0
OF0237,2012-07-24,-43.04,169.49,New Zealand,,HUMAN_OBSERVATION,"Agrostichthys parkeri (Benham, 1904)",1,1990401723,NZ research trawl surveys since 2008,,0
OF0238,2012-08-31,39.92506,-67.250806,United States of America,"Bear Seamount. R/V Pisces, PC-12-05, Station 005. Deep Night Tow",PRESERVED_SPECIMEN,"Regalecus glesne Ascanius, 1772",2,1981050577;4443729774,,http://collections.peabody.yale.edu/search/Record/YPM-ICH-026237.001;http://collections.peabody.yale.edu/search/Record/YPM-ICH-026237.002,0
OF0239,2012-08-31,39.784614,-67.410878,United States of America,"Bear Seamount. R/V Pisces, PC-12-05, Station 006. Shallow Day Tow",PRESERVED_SPECIMEN,"Regalecus glesne Ascanius, 1772",2,1981058018;4443734630,,http://collections.peabody.yale.edu/search/Record/YPM-ICH-025552.001;http://collections.peabody.yale.edu/search/Record/YPM-ICH-025552.002,0
OF0240,2012-09-04,39.954294,-67.581422,United States of America,"Bear Seamount. R/V Pisces, PC-12-05, Station 025. Deep EXTRA Tow",PRESERVED_SPECIMEN,"Regalecus glesne Ascanius, 1772",1,1981046022,,http://collections.peabody.yale.edu/search/Record/YPM-ICH-025485,0
OF0241,2012-11-22,-30.33,30.75,South Africa,Park Rynie,MATERIAL_SAMPLE,BOLD:AAF8340,1,1416543006,,https://portal.boldsystems.org/record/TZSAL807-13,0
OF0242,2012-11-25,-31.533333,159.05,Australia,"Old Gulch, Lord Howe Island",PRESERVED_SPECIMEN,"Regalecus glesne Ascanius, 1772",1,1100685878,,,0
OF0243,2013-01-01,55.74,-4.28,United Kingdom of Great Britain and Northern Ireland,,HUMAN_OBSERVATION,"Regalecus glesne Ascanius, 1772",1,6044085076,iSpot British Isles observations,,0
OF0244,2013-01-04,-42.75,174.8,New Zealand,,HUMAN_OBSERVATION,"Agrostichthys parkeri (Benham, 1904)",1,1990408827,NZ research trawl surveys since 2008,,0
OF0245,2013-01-08,-42.88,179.05,New Zealand,,HUMAN_OBSERVATION,"Agrostichthys parkeri (Benham, 1904)",1,1990407741,NZ research trawl surveys since 2008,,0
OF0246,2013-01-22,-44.18,176.42,New Zealand,,HUMAN_OBSERVATION,"Agrostichthys parkeri (Benham, 1904)",1,1990406103,NZ research trawl surveys since 2008,,0
OF0247,2013-02-03,-42.8655,147.337,Australia,Derwent River,MATERIAL_SAMPLE,BOLD:AAF8340,3,2249174696;1066019538;5009352247,,https://portal.boldsystems.org/record/FOAN1494-14,0
OF0248,2013-02-26,,,Japan,Niizaki,PRESERVED_SPECIMEN,"Regalecus russelii (Cuvier, 1816)",1,1829741063,,,0
OF0249,2013-06-12,29.235278,126.2775,Japan,East China Sea,PRESERVED_SPECIMEN,"Regalecus russelii (Cuvier, 1816)",1,1830749185,,,0
OF0250,2013-10-13,33.38,-118.35,United States of America,"Eastern Pacific | | USA | California | Los Angeles | Santa Catalina Island, Toyon Bay",PRESERVED_SPECIMEN,"Regalecus russelii (Cuvier, 1816)",1,1054680211,LACM Vertebrates,http://portal.vertnet.org/o/lacm/fish?id=57410504-0e6f-4d91-8b70-eb5f512b7e76,0
OF0251,2013-10-18,33.200333,-117.383667,United States of America,USA | California | No Pacific Ocean | San Diego Co.: Oceanside; on beach,PRESERVED_SPECIMEN,"Regalecus russelii (Cuvier, 1816)",1,1423575969,,http://portal.vertnet.org/o/sio/marine-vertebrates?id=e2962222-b5ed-4ee3-8fb5-83671202d228,0
OF0252,2013-12-17,35.53333,135.19999,Japan,"Miyazu, Kyoto, Japan",PRESERVED_SPECIMEN,"Regalecus russelii (Cuvier, 1816)",1,1262937608,,,0
OF0253,2013-12-24,,,Japan,Hirata,PRESERVED_SPECIMEN,"Regalecus russelii (Cuvier, 1816)",1,1829740890,,,0
OF0254,2014-01-11,,,Mexico,"Baja California Sur, Cabo Pulmo National",MATERIAL_SAMPLE,"Regalecus glesne Ascanius, 1772",1,3348820986,,https://www.ebi.ac.uk/ena/browser/view/MG547684,0
OF0255,2014-01-17,35.53333,135.19999,Japan,"Miyazu, Kyoto, Japan",PRESERVED_SPECIMEN,"Regalecus russelii (Cuvier, 1816)",2,1262937576;1262937616,,,0
OF0256,2014-01-20,28.801,-111.927,Mexico,Bahía de Kino,PRESERVED_SPECIMEN,"Regalecus Ascanius, 1772",1,2630189510,Fortalecimiento de las colecciones de ECOSUR. Primera fase,http://www.snib.mx/snibgeoportal/Ejemplar.php?id=3e60ec28858af081fd5e3901475442be,0
OF0257,2014-01-20,28.583,-112.0,Mexico,"Norteastern Gulf of California, Bahia Kino",PRESERVED_SPECIMEN,"Regalecus Ascanius, 1772",1,1262937710,,,0
OF0258,2014-01-29,35.53333,135.19999,Japan,"Miyazu, Kyoto, Japan",PRESERVED_SPECIMEN,"Regalecus russelii (Cuvier, 1816)",3,1262937594;1262937579;1262937624,,,0
OF0259,2014-02-03,35.53333,135.19999,Japan,"Miyazu, Kyoto, Japan",PRESERVED_SPECIMEN,"Regalecus russelii (Cuvier, 1816)",1,1262937630,,,0
OF0260,2014-02-14,31.428889,130.196944,Japan,"off east of Sakinoyama, Kataura, Kasasa, Minamisatsuma, Kagoshima, Japan",PRESERVED_SPECIMEN,"Regalecus russelii (Cuvier, 1816)",1,1830752660,,,0
OF0261,2014-04-06,31.428889,130.196944,Japan,"off east of Sakinoyama, Kataura, Kasasa, Minamisatsuma, Kagoshima, Japan",PRESERVED_SPECIMEN,"Regalecus russelii (Cuvier, 1816)",1,2579510542,,,0
OF0262,2014-04-07,24.842195,121.931682,Chinese Taipei,Yilan Sea,PRESERVED_SPECIMEN,"Regalecus russelii (Cuvier, 1816)",1,5069194384,,,0
OF0263,2014-06-26,-33.596943,151.3064,Australia,"Pittwater, off Currawong Beach",PRESERVED_SPECIMEN,"Regalecus glesne Ascanius, 1772",2,1100685843;1100685848,,,1
OF0264,2014-08-09,33.98,-120.0,United States of America,"Eastern Pacific | | USA | California | Santa Barbara | Santa Rosa Island, between Skunk Point and the Torrey Pines, about a quarter to a half mile east of Torrey Pine (photographs only).",PRESERVED_SPECIMEN,"Regalecus russelii (Cuvier, 1816)",1,3808680497,LACM Vertebrates,http://portal.vertnet.org/o/lacm/fish?id=c861468b-6aa1-41cb-9867-965a24690329,0
OF0265,2014-10-15,39.55067,-67.33159,United States of America,Bear Seamount. R/V Pisces (PC14-04: Sta 1): Shallow Day Tow: Net Depth 694m,PRESERVED_SPECIMEN,"Regalecus glesne Ascanius, 1772",2,1981040262;4443751875,,http://collections.peabody.yale.edu/search/Record/YPM-ICH-027675.001;http://collections.peabody.yale.edu/search/Record/YPM-ICH-027675.002,0
OF0266,2014-10-16,39.46501,-67.22256,United States of America,Bear Seamount. R/V Pisces (PC14-04: Sta 6): Deep Day Tow: Net Depth 1711m,PRESERVED_SPECIMEN,"Regalecus glesne Ascanius, 1772",2,1981055713;4443756594,,http://collections.peabody.yale.edu/search/Record/YPM-ICH-027596.001;http://collections.peabody.yale.edu/search/Record/YPM-ICH-027596.002,0
OF0267,2014-10-22,40.0697,-67.4164,United States of America,"Bear Seamount, north area",PRESERVED_SPECIMEN,"Regalecus glesne Ascanius, 1772",1,1828920695,NMNH Extant Biology,,0
OF0268,2014-11-18,24.939393,121.909455,Chinese Taipei,Yilan Sea,PRESERVED_SPECIMEN,"Regalecus russelii (Cuvier, 1816)",1,5069190466,,,0
OF0269,2014-11-27,25.811452,-111.293088,Mexico,"Bahía de Loreto, Loreto, MX-BS, MX",HUMAN_OBSERVATION,"Regalecus russelii (Cuvier, 1816)",1,2860019446,iNaturalist research-grade observations,https://www.inaturalist.org/observations/58441928,1
OF0270,2015-01-07,27.873996,-15.381871,Spain,,HUMAN_OBSERVATION,"Regalecus glesne Ascanius, 1772",1,3450598251,Programa Poseidon - Citizen Science Project Results,,0
OF0271,2015-04-16,-45.784854,170.716853,New Zealand,"Aramoana Spit, Otago",HUMAN_OBSERVATION,"Regalecus glesne Ascanius, 1772",1,1092910306,iNaturalist research-grade observations,https://www.inaturalist.org/observations/1590102,1
OF0272,2015-06-01,33.466005,-118.526945,United States of America,"Los Angeles County, CA, USA",HUMAN_OBSERVATION,"Regalecus russelii (Cuvier, 1816)",1,1802676261,iNaturalist research-grade observations,https://www.inaturalist.org/observations/9108444,1
OF0273,2015-09-14,32.850542,-117.272268,United States of America,La Jolla Cove,HUMAN_OBSERVATION,"Regalecus russelii (Cuvier, 1816)",2,1572328365;1423580861,iNaturalist research-grade observations,https://www.inaturalist.org/observations/1958340;http://portal.vertnet.org/o/sio/marine-vertebrates?id=172b7ff3-0c45-4e9a-9cc6-add191424a35,1
OF0274,2015-12-02,,,Australia,Great Australian Bight,MATERIAL_SAMPLE,BOLD:AAF1667,1,2249179126,,https://portal.boldsystems.org/record/FOAP338-17,0
OF0275,2016-01-17,-44.262,177.687833,New Zealand,,HUMAN_OBSERVATION,"Agrostichthys parkeri (Benham, 1904)",1,2458312011,NZ research trawl surveys since 2008,,0
OF0276,2016-01-27,-42.9875,176.545,New Zealand,,HUMAN_OBSERVATION,"Agrostichthys parkeri (Benham, 1904)",1,2458307864,NZ research trawl surveys since 2008,,0
OF0277,2016-04-16,47.402333,-40.303167,,[east of Newfoundland],PRESERVED_SPECIMEN,"Regalecus glesne Ascanius, 1772",1,1416859616,,,0
OF0278,2016-04-16,47.754667,-41.155,,[east of Newfoundland],PRESERVED_SPECIMEN,"Regalecus glesne Ascanius, 1772",1,1416859637,,,0
OF0279,2016-04-16,43.352066,7.952264,Italy,,HUMAN_OBSERVATION,"Regalecus glesne Ascanius, 1772",3,3399489209;3399491240;3456186868,iNaturalist research-grade observations,https://www.inaturalist.org/observations/99453297;https://www.inaturalist.org/observations/99453294;https://www.inaturalist.org/observations/104574565,1
OF0280,2016-04-17,46.737833,-39.895667,,[east of Newfoundland],PRESERVED_SPECIMEN,"Regalecus glesne Ascanius, 1772",1,1416859622,,,0
OF0281,2016-11-09,,,Japan,,HUMAN_OBSERVATION,"Regalecus russelii (Cuvier, 1816)",1,1830119067,,,0
OF0282,2016-11-09,,,Japan,,PRESERVED_SPECIMEN,"Regalecus russelii (Cuvier, 1816)",1,2244431878,,,0
OF0283,2017-01-22,-41.0,142.5,Australia,,HUMAN_OBSERVATION,"Regalecus glesne Ascanius, 1772",1,5070198504,,,0
OF0284,2017-02-14,-33.5,115.0,Australia,,HUMAN_OBSERVATION,"Regalecus glesne Ascanius, 1772",1,5070194376,,,0
OF0285,2017-07-06,60.25051,1.98155,United Kingdom of Great Britain and Northern Ireland,,HUMAN_OBSERVATION,"Regalecus glesne Ascanius, 1772",1,6396043893,imr_fish,,0
OF0286,2017-07-12,59.65847,3.50802,Norway,,HUMAN_OBSERVATION,"Regalecus glesne Ascanius, 1772",1,6396366701,imr_fish,,0
OF0287,2017-07-30,,,Japan,"off Fukui Prefecture, Japan",PRESERVED_SPECIMEN,"Regalecus russelii (Cuvier, 1816)",1,2248127891,,,0
OF0288,2017-09-03,-27.125834,155.54472,Australia,East of Moreton Island,PRESERVED_SPECIMEN,"Regalecus glesne Ascanius, 1772",1,2596672304,,,0
OF0289,2017-09-03,-27.206944,155.919167,Australia,Tasman Sea,PRESERVED_SPECIMEN,"Regalecus glesne Ascanius, 1772",1,4143625979,,,0
OF0290,2017-11-10,-36.8375,139.8428,Australia,"Marine Parade, Pinks Beach, Kingston SE, Kingston District Council, South Australia, 5275, Australia",HUMAN_OBSERVATION,"Regalecus glesne Ascanius, 1772",1,1805896981,Individual sighting,,1
OF0291,2018-01-08,-42.9115,178.7865,New Zealand,,HUMAN_OBSERVATION,"Agrostichthys parkeri (Benham, 1904)",1,2458320270,NZ research trawl surveys since 2008,,0
OF0292,2018-04-05,42.98155,6.36948,France,,HUMAN_OBSERVATION,"Regalecus glesne Ascanius, 1772",1,2492542845,,,0
OF0293,2018-04-15,,,Japan,,PRESERVED_SPECIMEN,"Regalecus russelii (Cuvier, 1816)",1,3412903354,,,0
OF0294,2018-04-23,28.2,129.25,Japan,"Kuji, Setouchi, Oshima-gun, Amami-oshima island, Amami Islands, Kagoshima, Japan",PRESERVED_SPECIMEN,"Regalecus russelii (Cuvier, 1816)",1,2579496421,,,0
OF0295,2018-06-23,24.182,-81.385367,United States of America,USA | Florida | No Atlantic Ocean | Florida Keys: 30 mi off Summerland Key; 30 mi,PRESERVED_SPECIMEN,"Regalecus glesne Ascanius, 1772",1,4847558378,,http://portal.vertnet.org/o/sio/marine-vertebrates?id=3e7104bd-acb0-48da-be54-c4d0d0eb643c,0
OF0296,2018-11-30,-46.743333,166.156833,New Zealand,,HUMAN_OBSERVATION,"Regalecus glesne Ascanius, 1772",1,2458322047,NZ research trawl surveys since 2008,,0
OF0297,2019-01-01,31.291944,131.080278,Japan,"Uchinoura Bay, Kimotsuki, Kimotsuki-gun, Kagoshima, Japan",PRESERVED_SPECIMEN,"Regalecus russelii (Cuvier, 1816)",1,2579508918,,,0
OF0298,2019-05-03,,,Japan,"Kushikino, Ichikikushikino, Kagoshima, Japan",PRESERVED_SPECIMEN,"Regalecus russelii (Cuvier, 1816)",1,3324242384,,,0
OF0299,2019-07-18,,,Japan,奈屋浦,PRESERVED_SPECIMEN,"Regalecus russelii (Cuvier, 1816)",1,3412975656,,,0
OF0300,2019-08-28,-32.827675,28.119247,South Africa,Chintsa East,PRESERVED_SPECIMEN,"Regalecus Ascanius, 1772",1,2849474138,Kevin Cole Chintsa 2019,,1
OF0301,2019-12-05,-41.425153,174.035158,New Zealand,"Rarangi 7273, New Zealand",HUMAN_OBSERVATION,"Agrostichthys parkeri (Benham, 1904)",1,2574126455,iNaturalist research-grade observations,https://www.inaturalist.org/observations/36510796,1
OF0302,2020-06-12,20.422984,-86.922343,Mexico,"Cozumel, Quintana Roo, México",HUMAN_OBSERVATION,"Regalecus glesne Ascanius, 1772",1,2898513052,iNaturalist research-grade observations,https://www.inaturalist.org/observations/62508966,1
OF0303,2021-02-08,31.478056,130.684167,Japan,"south coast of Tarumizu Port, Shiosai, Tarumizu, Kagoshima Bay, Kagoshima, Japan",PRESERVED_SPECIMEN,"Regalecus russelii (Cuvier, 1816)",2,4054084223;4054085241,,,0
OF0304,2021-05-07,,,Japan,Shukuura,PRESERVED_SPECIMEN,"Regalecus russelii (Cuvier, 1816)",1,4522017796,,,0
OF0305,2021-05-21,25.793822,-80.125947,United States of America,"South Beach, Miami Beach, FL 33139, USA",HUMAN_OBSERVATION,"Regalecus glesne Ascanius, 1772",1,3456668105,iNaturalist research-grade observations,https://www.inaturalist.org/observations/103579475,1
OF0306,2021-10-27,6.537222,79.42111,Sri Lanka,Sri Lanka,MATERIAL_CITATION,"Regalecus russelii (Cuvier, 1816)",1,5208877301,,https://treatment.plazi.org/id/7A9C1268FA635B55A94B52D2FAF817D6#41D96C779D82A7F46F9C8BBC66485B84,0
OF0307,2022-01-02,24.476086,-110.38062,Mexico,"Isla Espíritu Santo, BCS, MX",HUMAN_OBSERVATION,"Regalecus russelii (Cuvier, 1816)",1,3455914912,iNaturalist research-grade observations,https://www.inaturalist.org/observations/104312195,1
OF0308,2022-03-28,-41.219756,174.711954,New Zealand,"Wellington, New Zealand",HUMAN_OBSERVATION,"Agrostichthys parkeri (Benham, 1904)",1,3759176216,iNaturalist research-grade observations,https://www.inaturalist.org/observations/109773401,1
OF0309,2022-04-25,-45.781146,170.710326,New Zealand,"Kaunihera a-Rohe o Ōtepoti, Otago, New Zealand",HUMAN_OBSERVATION,"Regalecus glesne Ascanius, 1772",1,3764334131,iNaturalist research-grade observations,https://www.inaturalist.org/observations/113063573,1
OF0310,2022-06-22,-16.204008,145.89984,Australia,Australia,HUMAN_OBSERVATION,"Regalecus glesne Ascanius, 1772",1,5206694512,iNaturalist research-grade observations,https://www.inaturalist.org/observations/283260280,0
OF0311,2022-07-11,-18.470127,-70.324005,Chile,"Coquimbo, Región de Coquimbo, Chile",HUMAN_OBSERVATION,"Regalecus russelii (Cuvier, 1816)",1,3873572045,iNaturalist research-grade observations,https://www.inaturalist.org/observations/125833470,1
OF0312,2022-07-20,43.953831,-28.528772,,Atlantic Ocean,MATERIAL_SAMPLE,"Regalecus glesne Ascanius, 1772",1,6192627035,,,0
OF0313,2022-11-07,-42.723197,-73.02266,Chile,"Talcan, Chaitén, Los Lagos, Chile",HUMAN_OBSERVATION,"Regalecus russelii (Cuvier, 1816)",1,3966630725,iNaturalist research-grade observations,https://www.inaturalist.org/observations/141508864,1
OF0314,2023-01-05,23.063656,-109.702438,Mexico,"San José del Cabo, BCS, Mexico",HUMAN_OBSERVATION,"Regalecus russelii (Cuvier, 1816)",1,5167744578,iNaturalist research-grade observations,https://www.inaturalist.org/observations/284537556,1
OF0315,2023-01-11,,,Japan,,PRESERVED_SPECIMEN,"Regalecus russelii (Cuvier, 1816)",1,6196774039,,,0
OF0316,2023-07-08,-27.054544,153.458628,Australia,Australia,HUMAN_OBSERVATION,"Regalecus glesne Ascanius, 1772",1,4936545886,iNaturalist research-grade observations,https://www.inaturalist.org/observations/171663502,1
OF0317,2023-08-12,21.065,109.096,China,Haicheng district,MATERIAL_SAMPLE,"Regalecus glesne Ascanius, 1772",5,5843889325;5843889326;5843889327;5843889328;5843889329,,,0
OF0318,2023-08-14,35.858992,126.315122,"Korea, Republic of",Gunsan-si Okdo-myeon,PRESERVED_SPECIMEN,"Regalecus russelii (Cuvier, 1816)",1,4985375309,,,0
OF0319,2024-02-15,,,Thailand,,MATERIAL_SAMPLE,"Regalecus Ascanius, 1772",1,5862393057,,https://portal.boldsystems.org/record/GBAAX69029-24,0
OF0320,2024-02-15,,,Thailand,,PRESERVED_SPECIMEN,"Regalecus russelii (Cuvier, 1816)",1,6190084807,,https://www.ebi.ac.uk/ena/browser/view/PP837671,0
OF0321,2024-04-16,29.069595,-113.50137,Mexico,"San Quintín, B.C., México",HUMAN_OBSERVATION,"Regalecus russelii (Cuvier, 1816)",1,4852749981,iNaturalist research-grade observations,https://www.inaturalist.org/observations/207699943,1
OF0322,2024-04-20,-45.761376,170.6659,New Zealand,"Whareakeake, Otago, New Zealand",HUMAN_OBSERVATION,"Regalecus glesne Ascanius, 1772",1,4852163664,iNaturalist research-grade observations,https://www.inaturalist.org/observations/208829969,1
OF0323,2024-04-21,,,Denmark,"Denmark, Skagerrak, Hamborg Beach east of Hanstholm",PRESERVED_SPECIMEN,"Regalecus glesne Ascanius, 1772",1,5082866358,Natural History Museum Denmark|Ichthyology,,0
OF0324,2024-07-20,54.981525,-1.528951,United Kingdom of Great Britain and Northern Ireland,Hebburn river Tyne can show exact location,HUMAN_OBSERVATION,"Regalecus glesne Ascanius, 1772",1,6044540663,Northumberland Wildlife Trust - Records,,0
OF0325,2024-08-10,32.850333,-117.267,United States of America,USA | California | No Pacific Ocean | San Diego Co.: La Jolla Cove,PRESERVED_SPECIMEN,"Regalecus russelii (Cuvier, 1816)",1,5838414168,,http://portal.vertnet.org/o/sio/marine-vertebrates?id=cb3b0c3e-7849-4c05-a4e5-3eeb2b7118a7,0
OF0326,2024-08-15,32.850605,-117.273727,United States of America,La Jolla Cove,HUMAN_OBSERVATION,"Regalecus glesne Ascanius, 1772",1,5023094025,,https://enjoynature.net/?gebiet=-1613835882&datum=15.08.24&art=1600377933,0
OF0327,2024-09-18,-40.784369,172.752628,New Zealand,"Patons Rock 7182, New Zealand",HUMAN_OBSERVATION,"Regalecus glesne Ascanius, 1772",1,4974228913,iNaturalist research-grade observations,https://www.inaturalist.org/observations/242848364,1
OF0328,2024-10-23,-40.792007,172.955449,New Zealand,"Tasman, New Zealand",HUMAN_OBSERVATION,"Regalecus glesne Ascanius, 1772",1,4982334087,iNaturalist research-grade observations,https://www.inaturalist.org/observations/251690277,1
OF0329,2024-11-06,33.075062,-117.309807,United States of America,"Grandview Beach, Encinitas, CA, US",HUMAN_OBSERVATION,"Regalecus russelii (Cuvier, 1816)",2,4980308106;5838413445,iNaturalist research-grade observations,https://www.inaturalist.org/observations/250739168;http://portal.vertnet.org/o/sio/marine-vertebrates?id=a74eb7a4-436d-4e57-8e55-b0733ed175ba,1
OF0330,2024-11-08,23.99195,-109.825347,Mexico,"Ensenada de los Muertos, MX",HUMAN_OBSERVATION,"Regalecus russelii (Cuvier, 1816)",4,5062898534;4982150425;4980356684;4980557437,iNaturalist research-grade observations,https://www.inaturalist.org/observations/250954124;https://www.inaturalist.org/observations/251389527;https://www.inaturalist.org/observations/250940763;https://www.inaturalist.org/observations/251389489,1
OF0331,2024-11-09,-40.596665,172.689267,New Zealand,"Pākawau 7073, New Zealand",HUMAN_OBSERVATION,"Agrostichthys parkeri (Benham, 1904)",1,4982003002,iNaturalist research-grade observations,https://www.inaturalist.org/observations/251692405,1
OF0332,2024-11-23,-36.3795,150.334167,Australia,E of Bermagui,PRESERVED_SPECIMEN,"Agrostichthys parkeri (Benham, 1904)",2,5213667325;5215285325,,,0
OF0333,2025-01-20,22.46616,120.443988,Chinese Taipei,928台灣屏東縣東港鎮東港,HUMAN_OBSERVATION,"Regalecus russelii (Cuvier, 1816)",1,5840187669,iNaturalist research-grade observations,https://www.inaturalist.org/observations/318137849,1
OF0334,2025-01-29,20.752737,-105.45617,Mexico,"Bahía de Banderas, Nay., MX",HUMAN_OBSERVATION,"Regalecus russelii (Cuvier, 1816)",1,6179491141,iNaturalist research-grade observations,https://www.inaturalist.org/observations/260028186,1
OF0335,2025-02-07,42.207798,11.710186,Italy,Italia,HUMAN_OBSERVATION,"Regalecus glesne Ascanius, 1772",1,5069767282,iNaturalist research-grade observations,https://www.inaturalist.org/observations/261099820,1
OF0336,2025-03-23,25.89717,-111.338372,Mexico,"Gulf of California, MX",HUMAN_OBSERVATION,"Regalecus russelii (Cuvier, 1816)",1,5104709771,iNaturalist research-grade observations,https://www.inaturalist.org/observations/266709476,1
OF0337,2025-05-10,24.438473,-110.372265,Mexico,"La Paz, B.C.S., México",HUMAN_OBSERVATION,"Regalecus russelii (Cuvier, 1816)",1,5154956241,iNaturalist research-grade observations,https://www.inaturalist.org/observations/280432128,1
OF0338,2025-05-21,24.272499,-110.325585,Mexico,"23208 B.C.S., México",HUMAN_OBSERVATION,"Regalecus russelii (Cuvier, 1816)",1,6178308966,iNaturalist research-grade observations,https://www.inaturalist.org/observations/290265688,1
OF0339,2025-06-05,-43.827598,172.711394,New Zealand,"South Island / Te Waipounamu, Little River, Canterbury, NZ",HUMAN_OBSERVATION,"Regalecus glesne Ascanius, 1772",1,5187783514,iNaturalist research-grade observations,https://www.inaturalist.org/observations/287014330,1
OF0340,2025-08-27,24.285192,-110.329575,Mexico,"Bahía de la Paz, B.C.S., MX",HUMAN_OBSERVATION,"Regalecus russelii (Cuvier, 1816)",1,6129972429,iNaturalist research-grade observations,https://www.inaturalist.org/observations/334129296,1
OF0341,2025-11-21,-39.835591,147.83564,Australia,"Killiecrankie, TAS, AU",HUMAN_OBSERVATION,"Regalecus glesne Ascanius, 1772",1,5903895210,iNaturalist research-grade observations,https://www.inaturalist.org/observations/327489871,1
OF0342,2025-11-29,24.81702,-110.665695,Mexico,"23143 BCS, Mexico",HUMAN_OBSERVATION,"Regalecus russelii (Cuvier, 1816)",2,5932434330;5908986364,iNaturalist research-grade observations,https://www.inaturalist.org/observations/330493417;https://www.inaturalist.org/observations/328791479,1
OF0343,2025-12-11,24.454087,-110.308139,Mexico,"Isla Espiritu Santo, Baja California Sur, Mexico",HUMAN_OBSERVATION,"Regalecus russelii (Cuvier, 1816)",1,5936203206,iNaturalist research-grade observations,https://www.inaturalist.org/observations/331944499,1
OF0344,2026-01-10,28.029986,-16.707512,Spain,"Santa Cruz de Tenerife, ES-CN, ES",HUMAN_OBSERVATION,"Regalecus glesne Ascanius, 1772",1,6130420431,iNaturalist research-grade observations,https://www.inaturalist.org/observations/334246615,1
OF0345,2026-01-28,23.063488,-109.659421,Mexico,"23403 B.C.S., México",HUMAN_OBSERVATION,"Regalecus russelii (Cuvier, 1816)",1,6133364113,iNaturalist research-grade observations,https://www.inaturalist.org/observations/336520332,1
OF0346,2026-01-29,26.005301,-111.336423,Mexico,"2M47+58, 23880 Loreto, B.C.S., México",HUMAN_OBSERVATION,"Regalecus russelii (Cuvier, 1816)",1,6179264489,iNaturalist research-grade observations,https://www.inaturalist.org/observations/339647223,1
OF0347,2026-02-07,25.538767,-111.114316,Mexico,"Bahía Agua Verde, MX",HUMAN_OBSERVATION,"Regalecus russelii (Cuvier, 1816)",1,6147304894,iNaturalist research-grade observations,https://www.inaturalist.org/observations/337714418,1
OF0348,2026-02-07,25.631225,-111.065758,Mexico,MX,HUMAN_OBSERVATION,"Regalecus russelii (Cuvier, 1816)",1,6147697763,iNaturalist research-grade observations,https://www.inaturalist.org/observations/337887766,1
OF0349,2026-02-22,22.882263,-109.916077,Mexico,"Mz 42, Cabo San Lucas, B.C.S., MX",HUMAN_OBSERVATION,"Regalecus russelii (Cuvier, 1816)",1,6163103721,iNaturalist research-grade observations,https://www.inaturalist.org/observations/339946553,1
OF0350,2026-03-14,26.110799,-111.280089,Mexico,"Loreto Municipality, BCS, Mexico",HUMAN_OBSERVATION,"Regalecus russelii (Cuvier, 1816)",1,6236201343,iNaturalist research-grade observations,https://www.inaturalist.org/observations/350808810,1
OF0351,2026-04-07,24.062995,-109.833417,Mexico,"Bahía la Ventana, MX",HUMAN_OBSERVATION,"Regalecus russelii (Cuvier, 1816)",1,6195943622,iNaturalist research-grade observations,https://www.inaturalist.org/observations/349577772,1
